name,official_name_en,official_name_fr,ISO3166-1-Alpha-2,ISO3166-1-Alpha-3,M49,ITU,MARC,WMO,DS,Dial,FIFA,FIPS,GAUL,IOC,ISO4217-currency_alphabetic_code,ISO4217-currency_country_name,ISO4217-currency_minor_unit,ISO4217-currency_name,ISO4217-currency_numeric_code,is_independent,Capital,Continent,TLD,Languages,Geoname ID,EDGAR
,Channel Islands,Îles Anglo-Normandes,,,830,,,,,,,,,,,,,,,,,,,,,
,Sark,Sercq,,,680,,,,,,,,,,,,,,,,,,,,,
Afghanistan,Afghanistan,Afghanistan,AF,AFG,004,AFG,af,AF,AFG,93,AFG,AF,1,AFG,AFN,AFGHANISTAN,2,Afghani,971,Yes,Kabul,AS,.af,"fa-AF,ps,uz-AF,tk",1149361,B2
Albania,Albania,Albanie,AL,ALB,008,ALB,aa,AB,AL,355,ALB,AL,3,ALB,ALL,ALBANIA,2,Lek,008,Yes,Tirana,EU,.al,"sq,el",783754,B3
Algeria,Algeria,Algérie,DZ,DZA,012,ALG,ae,AL,DZ,213,ALG,AG,4,ALG,DZD,ALGERIA,2,Algerian Dinar,012,Yes,Algiers,AF,.dz,ar-DZ,2589581,B4
American Samoa,American Samoa,Samoa américaines,AS,ASM,016,SMA,as,,USA,1-684,ASA,AQ,5,ASA,USD,AMERICAN SAMOA,2,US Dollar,840,Territory of US,Pago Pago,OC,.as,"en-AS,sm,to",5880801,B5
Andorra,Andorra,Andorre,AD,AND,020,AND,an,,AND,376,AND,AN,7,AND,EUR,ANDORRA,2,Euro,978,Yes,Andorra la Vella,EU,.ad,ca,3041565,B6
Angola,Angola,Angola,AO,AGO,024,AGL,ao,AN,AO,244,ANG,AO,8,ANG,AOA,ANGOLA,2,Kwanza,973,Yes,Luanda,AF,.ao,pt-AO,3351879,B7
Anguilla,Anguilla,Anguilla,AI,AIA,660,AIA,am,,,1-264,AIA,AV,9,AIA,XCD,ANGUILLA,2,East Caribbean Dollar,951,Territory of GB,The Valley,NA,.ai,en-AI,3573511,1A
Antarctica,,,AQ,ATA,010,,ay,AA,,672,ROS,AY,10,,,,,,,International,,AN,.aq,,6697173,
Antigua & Barbuda,Antigua and Barbuda,Antigua-et-Barbuda,AG,ATG,028,ATG,aq,AT,,1-268,ATG,AC,11,ANT,XCD,ANTIGUA AND BARBUDA,2,East Caribbean Dollar,951,Yes,St. John's,NA,.ag,en-AG,3576396,B9
Argentina,Argentina,Argentine,AR,ARG,032,ARG,ag,AG,RA,54,ARG,AR,12,ARG,ARS,ARGENTINA,2,Argentine Peso,032,Yes,Buenos Aires,SA,.ar,"es-AR,en,it,de,fr,gn",3865483,C1
Armenia,Armenia,Arménie,AM,ARM,051,ARM,ai,AY,AM,374,ARM,AM,13,ARM,AMD,ARMENIA,2,Armenian Dram,051,Yes,Yerevan,AS,.am,hy,174982,1B
Aruba,Aruba,Aruba,AW,ABW,533,ABW,aw,NU,AW,297,ARU,AA,14,ARU,AWG,ARUBA,2,Aruban Florin,533,Part of NL,Oranjestad,NA,.aw,"nl-AW,es,en",3577279,1C
Australia,Australia,Australie,AU,AUS,036,AUS,at,AU,AUS,61,AUS,AS,17,AUS,AUD,AUSTRALIA,2,Australian Dollar,036,Yes,Canberra,OC,.au,en-AU,2077456,C3
Austria,Austria,Autriche,AT,AUT,040,AUT,au,OS,A,43,AUT,AU,18,AUT,EUR,AUSTRIA,2,Euro,978,Yes,Vienna,EU,.at,"de-AT,hr,hu,sl",2782113,C4
Azerbaijan,Azerbaijan,Azerbaïdjan,AZ,AZE,031,AZE,aj,AJ,AZ,994,AZE,AJ,19,AZE,AZN,AZERBAIJAN,2,Azerbaijanian Manat,944,Yes,Baku,AS,.az,"az,ru,hy",587116,1D
Bahamas,Bahamas,Bahamas,BS,BHS,044,BAH,bf,BA,BS,1-242,BAH,BF,20,BAH,BSD,BAHAMAS,2,Bahamian Dollar,044,Yes,Nassau,NA,.bs,en-BS,3572887,C5
Bahrain,Bahrain,Bahreïn,BH,BHR,048,BHR,ba,BN,BRN,973,BHR,BA,21,BRN,BHD,BAHRAIN,3,Bahraini Dinar,048,Yes,Manama,AS,.bh,"ar-BH,en,fa,ur",290291,C6
Bangladesh,Bangladesh,Bangladesh,BD,BGD,050,BGD,bg,BW,BD,880,BAN,BG,23,BAN,BDT,BANGLADESH,2,Taka,050,Yes,Dhaka,AS,.bd,"bn-BD,en",1210997,C7
Barbados,Barbados,Barbade,BB,BRB,052,BRB,bb,BR,BDS,1-246,BRB,BB,24,BAR,BBD,BARBADOS,2,Barbados Dollar,052,Yes,Bridgetown,NA,.bb,en-BB,3374084,C8
Belarus,Belarus,Bélarus,BY,BLR,112,BLR,bw,BY,BY,375,BLR,BO,26,BLR,BYR,BELARUS,0,Belarussian Ruble,974,Yes,Minsk,EU,.by,"be,ru",630336,1F
Belgium,Belgium,Belgique,BE,BEL,056,BEL,be,BX,B,32,BEL,BE,27,BEL,EUR,BELGIUM,2,Euro,978,Yes,Brussels,EU,.be,"nl-BE,fr-BE,de-BE",2802361,C9
Belize,Belize,Belize,BZ,BLZ,084,BLZ,bh,BH,BH,501,BLZ,BH,28,BIZ,BZD,BELIZE,2,Belize Dollar,084,Yes,Belmopan,NA,.bz,"en-BZ,es",3582678,D1
Benin,Benin,Bénin,BJ,BEN,204,BEN,dm,BJ,DY,229,BEN,BN,29,BEN,XOF,BENIN,0,CFA Franc BCEAO,952,Yes,Porto-Novo,AF,.bj,fr-BJ,2395170,G6
Bermuda,Bermuda,Bermudes,BM,BMU,060,BER,bm,BE,BM,1-441,BER,BD,30,BER,BMD,BERMUDA,2,Bermudian Dollar,060,Territory of GB,Hamilton,NA,.bm,"en-BM,pt",3573345,D0
Bhutan,Bhutan,Bhoutan,BT,BTN,064,BTN,bt,,BT,975,BHU,BT,31,BHU,INR,BHUTAN,2,Indian Rupee,356,Yes,Thimphu,AS,.bt,dz,1252634,D2
Bolivia,Bolivia (Plurinational State of),Bolivie (État plurinational de),BO,BOL,068,BOL,bo,BO,BOL,591,BOL,BL,33,BOL,BOB,"BOLIVIA, PLURINATIONAL STATE OF",2,Boliviano,068,Yes,Sucre,SA,.bo,"es-BO,qu,ay",3923057,
Bosnia,Bosnia and Herzegovina,Bosnie-Herzégovine,BA,BIH,070,BIH,bn,BG,BIH,387,BIH,BK,34,BIH,BAM,BOSNIA AND HERZEGOVINA,2,Convertible Mark,977,Yes,Sarajevo,EU,.ba,"bs,hr-BA,sr-BA",3277605,1E
Botswana,Botswana,Botswana,BW,BWA,072,BOT,bs,BC,BW,267,BOT,BC,35,BOT,BWP,BOTSWANA,2,Pula,072,Yes,Gaborone,AF,.bw,"en-BW,tn-BW",933860,B1
Bouvet Island,,,BV,BVT,074,,bv,BV,BV,47,,BV,36,,,,,,,Territory of NO,,AN,.bv,,3371123,
Brazil,Brazil,Brésil,BR,BRA,076,B,bl,BZ,BR,55,BRA,BR,37,BRA,BRL,BRAZIL,2,Brazilian Real,986,Yes,Brasilia,SA,.br,"pt-BR,es,en,fr",3469034,D5
British Indian Ocean Territory,,,IO,IOT,086,BIO,bi,,,246,,IO,38,,,,,,,Territory of GB,Diego Garcia,AS,.io,en-IO,1282588,
British Virgin Islands,British Virgin Islands,Îles Vierges britanniques,VG,VGB,092,VRG,vb,VI,BVI,1-284,VGB,VI,39,IVB,USD,VIRGIN ISLANDS (BRITISH),2,US Dollar,840,Territory of GB,Road Town,NA,.vg,en-VG,3577718,
Brunei,Brunei Darussalam,Brunéi Darussalam,BN,BRN,096,BRU,bx,BD,BRU,673,BRU,BX,40,BRU,BND,BRUNEI DARUSSALAM,2,Brunei Dollar,096,Yes,Bandar Seri Begawan,AS,.bn,"ms-BN,en-BN",1820814,D9
Bulgaria,Bulgaria,Bulgarie,BG,BGR,100,BUL,bu,BU,BG,359,BUL,BU,41,BUL,BGN,BULGARIA,2,Bulgarian Lev,975,Yes,Sofia,EU,.bg,"bg,tr-BG,rom",732800,E0
Burkina Faso,Burkina Faso,Burkina Faso,BF,BFA,854,BFA,uv,HV,BF,226,BFA,UV,42,BUR,XOF,BURKINA FASO,0,CFA Franc BCEAO,952,Yes,Ouagadougou,AF,.bf,fr-BF,2361809,X2
Burundi,Burundi,Burundi,BI,BDI,108,BDI,bd,BI,RU,257,BDI,BY,43,BDI,BIF,BURUNDI,0,Burundi Franc,108,Yes,Bujumbura,AF,.bi,"fr-BI,rn",433561,E2
Cambodia,Cambodia,Cambodge,KH,KHM,116,CBG,cb,KP,K,855,CAM,CB,44,CAM,KHR,CAMBODIA,2,Riel,116,Yes,Phnom Penh,AS,.kh,"km,fr,en",1831722,E3
Cameroon,Cameroon,Cameroun,CM,CMR,120,CME,cm,CM,CAM,237,CMR,CM,45,CMR,XAF,CAMEROON,0,CFA Franc BEAC,950,Yes,Yaounde,AF,.cm,"en-CM,fr-CM",2233387,E4
Canada,Canada,Canada,CA,CAN,124,CAN,xxc,CN,CDN,1,CAN,CA,46,CAN,CAD,CANADA,2,Canadian Dollar,124,Yes,Ottawa,NA,.ca,"en-CA,fr-CA,iu",6251999,
Cape Verde,Cabo Verde,Cabo Verde,CV,CPV,132,CPV,cv,CV,CV,238,CPV,CV,47,CPV,CVE,CABO VERDE,2,Cabo Verde Escudo,132,Yes,Praia,AF,.cv,pt-CV,3374766,
Caribbean Netherlands,"Bonaire, Sint Eustatius and Saba","Bonaire, Saint-Eustache et Saba",BQ,BES,535,ATN,ca,NU,NA,599,ANT,NL,176,AHO,USD,"BONAIRE, SINT EUSTATIUS AND SABA",2,US Dollar,840,Part of NL,,NA,.bq,"nl,pap,en",7626844,
Cayman Islands,Cayman Islands,Îles Caïmanes,KY,CYM,136,CYM,cj,GC,KY,1-345,CAY,CJ,48,CAY,KYD,CAYMAN ISLANDS,2,Cayman Islands Dollar,136,Territory of GB,George Town,NA,.ky,en-KY,3580718,E9
Central African Republic,Central African Republic,République centrafricaine,CF,CAF,140,CAF,cx,CE,RCA,236,CTA,CT,49,CAF,XAF,CENTRAL AFRICAN REPUBLIC,0,CFA Franc BEAC,950,Yes,Bangui,AF,.cf,"fr-CF,sg,ln,kg",239880,F0
Chad,Chad,Tchad,TD,TCD,148,TCD,cd,CD,TCH,235,CHA,CD,50,CHA,XAF,CHAD,0,CFA Franc BEAC,950,Yes,N'Djamena,AF,.td,"fr-TD,ar-TD,sre",2434508,F2
Chile,Chile,Chili,CL,CHL,152,CHL,cl,CH,RCH,56,CHI,CI,51,CHI,CLP,CHILE,0,Chilean Peso,152,Yes,Santiago,SA,.cl,es-CL,3895114,F3
China,China,Chine,CN,CHN,156,CHN,cc,CI,CN,86,CHN,CH,53,CHN,CNY,CHINA,2,Yuan Renminbi,156,Yes,Beijing,AS,.cn,"zh-CN,yue,wuu,dta,ug,za",1814991,F4
Christmas Island,,,CX,CXR,162,CHR,xa,KI,AUS,61,CXR,KT,54,,,,,,,Territory of AU,Flying Fish Cove,AS,.cx,"en,zh,ms-CC",2078138,
Cocos (Keeling) Islands,,,CC,CCK,166,ICO,xb,KK,AUS,61,CCK,CK,56,,,,,,,Territory of AU,West Island,AS,.cc,"ms-CC,en",1547376,
Colombia,Colombia,Colombie,CO,COL,170,CLM,ck,CO,CO,57,COL,CO,57,COL,COP,COLOMBIA,2,Colombian Peso,170,Yes,Bogota,SA,.co,es-CO,3686110,F8
Comoros,Comoros,Comores,KM,COM,174,COM,cq,IC,KM,269,COM,CN,58,COM,KMF,COMOROS,0,Comoro Franc,174,Yes,Moroni,AF,.km,"ar,fr-KM",921929,F9
Congo - Brazzaville,Congo,Congo,CG,COG,178,COG,cf,CG,RCB,242,CGO,CF,59,CGO,XAF,CONGO,0,CFA Franc BEAC,950,Yes,Brazzaville,AF,.cg,"fr-CG,kg,ln-CG",2260494,G0
Congo - Kinshasa,Democratic Republic of the Congo,République démocratique du Congo,CD,COD,180,COD,cg,ZR,ZRE,243,COD,CG,68,COD,,,,,,Yes,Kinshasa,AF,.cd,"fr-CD,ln,kg",203312,
Cook Islands,Cook Islands,Îles Cook,CK,COK,184,CKH,cw,KU,NZ,682,COK,CW,60,COK,NZD,COOK ISLANDS,2,New Zealand Dollar,554,Associated with NZ,Avarua,OC,.ck,"en-CK,mi",1899402,G1
Costa Rica,Costa Rica,Costa Rica,CR,CRI,188,CTR,cr,CS,CR,506,CRC,CS,61,CRC,CRC,COSTA RICA,2,Costa Rican Colon,188,Yes,San Jose,NA,.cr,"es-CR,en",3624060,G2
Croatia,Croatia,Croatie,HR,HRV,191,HRV,ci,RH,HR,385,CRO,HR,62,CRO,HRK,CROATIA,2,Croatian Kuna,191,Yes,Zagreb,EU,.hr,"hr-HR,sr",3202326,1M
Cuba,Cuba,Cuba,CU,CUB,192,CUB,cu,CU,C,53,CUB,CU,63,CUB,CUP,CUBA,2,Cuban Peso,192,Yes,Havana,NA,.cu,es-CU,3562981,G3
Curaçao,Curaçao,Curaçao,CW,CUW,531,,co,,,599,,UC,,,ANG,CURAÇAO,2,Netherlands Antillean Guilder,532,Part of NL,Willemstad,NA,.cw,"nl,pap",7626836,
Cyprus,Cyprus,Chypre,CY,CYP,196,CYP,cy,CY,CY,357,CYP,CY,64,CYP,EUR,CYPRUS,2,Euro,978,Yes,Nicosia,EU,.cy,"el-CY,tr-CY,en",146669,G4
Czech Republic,Czechia,Tchéquie,CZ,CZE,203,CZE,xr,CZ,CZ,420,CZE,EZ,65,CZE,,,,,,Yes,Prague,EU,.cz,"cs,sk",3077311,
Côte d’Ivoire,Côte d'Ivoire,Côte d'Ivoire,CI,CIV,384,CTI,iv,IV,CI,225,CIV,IV,66,CIV,XOF,CÔTE D'IVOIRE,0,CFA Franc BCEAO,952,Yes,Yamoussoukro,AF,.ci,fr-CI,2287781,
Denmark,Denmark,Danemark,DK,DNK,208,DNK,dk,DN,DK,45,DEN,DA,69,DEN,DKK,DENMARK,2,Danish Krone,208,Yes,Copenhagen,EU,.dk,"da-DK,en,fo,de-DK",2623032,G7
Djibouti,Djibouti,Djibouti,DJ,DJI,262,DJI,ft,DJ,F,253,DJI,DJ,70,DJI,DJF,DJIBOUTI,0,Djibouti Franc,262,Yes,Djibouti,AF,.dj,"fr-DJ,ar,so-DJ,aa",223816,1G
Dominica,Dominica,Dominique,DM,DMA,212,DMA,dq,DO,WD,1-767,DMA,DO,71,DMA,XCD,DOMINICA,2,East Caribbean Dollar,951,Yes,Roseau,NA,.dm,en-DM,3575830,G9
Dominican Republic,Dominican Republic,République dominicaine,DO,DOM,214,DOM,dr,DR,DOM,"1-809,1-829,1-849",DOM,DR,72,DOM,DOP,DOMINICAN REPUBLIC,2,Dominican Peso,214,Yes,Santo Domingo,NA,.do,es-DO,3508796,G8
Ecuador,Ecuador,Équateur,EC,ECU,218,EQA,ec,EQ,EC,593,ECU,EC,73,ECU,USD,ECUADOR,2,US Dollar,840,Yes,Quito,SA,.ec,es-EC,3658394,H1
Egypt,Egypt,Égypte,EG,EGY,818,EGY,ua,EG,ET,20,EGY,EG,40765,EGY,EGP,EGYPT,2,Egyptian Pound,818,Yes,Cairo,AF,.eg,"ar-EG,en,fr",357994,H2
El Salvador,El Salvador,El Salvador,SV,SLV,222,SLV,es,ES,ES,503,SLV,ES,75,ESA,USD,EL SALVADOR,2,US Dollar,840,Yes,San Salvador,NA,.sv,es-SV,3585968,H3
Equatorial Guinea,Equatorial Guinea,Guinée équatoriale,GQ,GNQ,226,GNE,eg,GQ,EQ,240,EQG,EK,76,GEQ,XAF,EQUATORIAL GUINEA,0,CFA Franc BEAC,950,Yes,Malabo,AF,.gq,"es-GQ,fr",2309096,H4
Eritrea,Eritrea,Érythrée,ER,ERI,232,ERI,ea,,ER,291,ERI,ER,77,ERI,ERN,ERITREA,2,Nakfa,232,Yes,Asmara,AF,.er,"aa-ER,ar,tig,kun,ti-ER",338010,1J
Estonia,Estonia,Estonie,EE,EST,233,EST,er,EO,EST,372,EST,EN,78,EST,EUR,ESTONIA,2,Euro,978,Yes,Tallinn,EU,.ee,"et,ru",453733,1H
Ethiopia,Ethiopia,Éthiopie,ET,ETH,231,ETH,et,ET,ETH,251,ETH,ET,79,ETH,ETB,ETHIOPIA,2,Ethiopian Birr,230,Yes,Addis Ababa,AF,.et,"am,en-ET,om-ET,ti-ET,so-ET,sid",337996,H5
Falkland Islands,Falkland Islands (Malvinas),Îles Falkland (Malvinas),FK,FLK,238,FLK,fk,FK,,500,FLK,FK,81,FLK,FKP,FALKLAND ISLANDS (MALVINAS),2,Falkland Islands Pound,238,Territory of GB,Stanley,SA,.fk,en-FK,3474414,H7
Faroe Islands,Faeroe Islands,Îles Féroé,FO,FRO,234,FRO,fa,FA,FO,298,FRO,FO,82,FAR,,,,,,Part of DK,Torshavn,EU,.fo,"fo,da-FO",2622320,
Fiji,Fiji,Fidji,FJ,FJI,242,FJI,fj,FJ,FJI,679,FIJ,FJ,83,FIJ,FJD,FIJI,2,Fiji Dollar,242,Yes,Suva,OC,.fj,"en-FJ,fj",2205218,H8
Finland,Finland,Finlande,FI,FIN,246,FIN,fi,FI,FIN,358,FIN,FI,84,FIN,EUR,FINLAND,2,Euro,978,Yes,Helsinki,EU,.fi,"fi-FI,sv-FI,smn",660013,H9
France,France,France,FR,FRA,250,F,fr,FR,F,33,FRA,FR,85,FRA,EUR,FRANCE,2,Euro,978,Yes,Paris,EU,.fr,"fr-FR,frp,br,co,ca,eu,oc",3017382,I0
French Guiana,French Guiana,Guyane française,GF,GUF,254,GUF,fg,FG,F,594,GUF,FG,86,FGU,EUR,FRENCH GUIANA,2,Euro,978,Part of FR,Cayenne,SA,.gf,fr-GF,3381670,I3
French Polynesia,French Polynesia,Polynésie française,PF,PYF,258,OCE,fp,PF,F,689,TAH,FP,87,FPO,XPF,FRENCH POLYNESIA,0,CFP Franc,953,Territory of FR,Papeete,OC,.pf,"fr-PF,ty",4030656,I4
French Southern Territories,,,TF,ATF,260,,fs,,F,262,,FS,88,,,,,,,Territory of FR,Port-aux-Francais,AN,.tf,fr,1546748,
Gabon,Gabon,Gabon,GA,GAB,266,GAB,go,GO,G,241,GAB,GB,89,GAB,XAF,GABON,0,CFA Franc BEAC,950,Yes,Libreville,AF,.ga,fr-GA,2400553,I5
Gambia,Gambia,Gambie,GM,GMB,270,GMB,gm,GB,WAG,220,GAM,GA,90,GAM,GMD,GAMBIA,2,Dalasi,270,Yes,Banjul,AF,.gm,"en-GM,mnk,wof,wo,ff",2413451,I6
Georgia,Georgia,Géorgie,GE,GEO,268,GEO,gs,GG,GE,995,GEO,GG,92,GEO,GEL,GEORGIA,2,Lari,981,Yes,Tbilisi,AS,.ge,"ka,ru,hy,az",614540,2Q
Germany,Germany,Allemagne,DE,DEU,276,D,gw,DL,D,49,GER,GM,93,GER,EUR,GERMANY,2,Euro,978,Yes,Berlin,EU,.de,de,2921044,2M
Ghana,Ghana,Ghana,GH,GHA,288,GHA,gh,GH,GH,233,GHA,GH,94,GHA,GHS,GHANA,2,Ghana Cedi,936,Yes,Accra,AF,.gh,"en-GH,ak,ee,tw",2300660,J0
Gibraltar,Gibraltar,Gibraltar,GI,GIB,292,GIB,gi,GI,GBZ,350,GBZ,GI,95,GIB,GIP,GIBRALTAR,2,Gibraltar Pound,292,Territory of GB,Gibraltar,EU,.gi,"en-GI,es,it,pt",2411586,J1
Greece,Greece,Grèce,GR,GRC,300,GRC,gr,GR,GR,30,GRE,GR,97,GRE,EUR,GREECE,2,Euro,978,Yes,Athens,EU,.gr,"el-GR,en,fr",390903,J3
Greenland,Greenland,Groenland,GL,GRL,304,GRL,gl,GL,DK,299,GRL,GL,98,GRL,DKK,GREENLAND,2,Danish Krone,208,Part of DK,Nuuk,NA,.gl,"kl,da-GL,en",3425505,J4
Grenada,Grenada,Grenade,GD,GRD,308,GRD,gd,GD,WG,1-473,GRN,GJ,99,GRN,XCD,GRENADA,2,East Caribbean Dollar,951,Yes,St. George's,NA,.gd,en-GD,3580239,J5
Guadeloupe,Guadeloupe,Guadeloupe,GP,GLP,312,GDL,gp,MF,F,590,GLP,GP,100,GUD,EUR,GUADELOUPE,2,Euro,978,Part of FR,Basse-Terre,NA,.gp,fr-GP,3579143,J6
Guam,Guam,Guam,GU,GUM,316,GUM,gu,GM,USA,1-671,GUM,GQ,101,GUM,USD,GUAM,2,US Dollar,840,Territory of US,Hagatna,OC,.gu,"en-GU,ch-GU",4043988,GU
Guatemala,Guatemala,Guatemala,GT,GTM,320,GTM,gt,GU,GCA,502,GUA,GT,103,GUA,GTQ,GUATEMALA,2,Quetzal,320,Yes,Guatemala City,NA,.gt,es-GT,3595528,J8
Guernsey,Guernsey,Guernesey,GG,GGY,831,,uik,,GBG,44,GBG,GK,104,,GBP,GUERNSEY,2,Pound Sterling,826,Crown dependency of GB,St Peter Port,EU,.gg,"en,fr",3042362,Y7
Guinea,Guinea,Guinée,GN,GIN,324,GUI,gv,GN,RG,224,GUI,GV,106,GUI,GNF,GUINEA,0,Guinea Franc,324,Yes,Conakry,AF,.gn,fr-GN,2420477,J9
Guinea-Bissau,Guinea-Bissau,Guinée-Bissau,GW,GNB,624,GNB,pg,GW,GW,245,GNB,PU,105,GBS,XOF,GUINEA-BISSAU,0,CFA Franc BCEAO,952,Yes,Bissau,AF,.gw,"pt-GW,pov",2372248,S0
Guyana,Guyana,Guyana,GY,GUY,328,GUY,gy,GY,GUY,592,GUY,GY,107,GUY,GYD,GUYANA,2,Guyana Dollar,328,Yes,Georgetown,SA,.gy,en-GY,3378535,K0
Haiti,Haiti,Haïti,HT,HTI,332,HTI,ht,HA,RH,509,HAI,HA,108,HAI,USD,HAITI,2,US Dollar,840,Yes,Port-au-Prince,NA,.ht,"ht,fr-HT",3723988,K1
Heard & McDonald Islands,,,HM,HMD,334,,hm,,AUS,672,,HM,109,,,,,,,Territory of AU,,AN,.hm,,1547314,
Honduras,Honduras,Honduras,HN,HND,340,HND,ho,HO,,504,HON,HO,111,HON,HNL,HONDURAS,2,Lempira,340,Yes,Tegucigalpa,NA,.hn,es-HN,3608932,K2
Hong Kong,"China, Hong Kong Special Administrative Region","Chine, région administrative spéciale de Hong Kong",HK,HKG,344,HKG,,HK,HK,852,HKG,HK,33364,HKG,,,,,,Part of CN,Hong Kong,AS,.hk,"zh-HK,yue,zh,en",1819730,
Hungary,Hungary,Hongrie,HU,HUN,348,HNG,hu,HU,H,36,HUN,HU,113,HUN,HUF,HUNGARY,2,Forint,348,Yes,Budapest,EU,.hu,hu-HU,719819,K5
Iceland,Iceland,Islande,IS,ISL,352,ISL,ic,IL,IS,354,ISL,IC,114,ISL,ISK,ICELAND,0,Iceland Krona,352,Yes,Reykjavik,EU,.is,"is,en,de,da,sv,no",2629691,K6
India,India,Inde,IN,IND,356,IND,ii,IN,IND,91,IND,IN,115,IND,INR,INDIA,2,Indian Rupee,356,Yes,New Delhi,AS,.in,"en-IN,hi,bn,te,mr,ta,ur,gu,kn,ml,or,pa,as,bh,sat,ks,ne,sd,kok,doi,mni,sit,sa,fr,lus,inc",1269750,K7
Indonesia,Indonesia,Indonésie,ID,IDN,360,INS,io,ID,RI,62,IDN,ID,116,INA,IDR,INDONESIA,2,Rupiah,360,Yes,Jakarta,AS,.id,"id,en,nl,jv",1643084,K8
Iran,Iran (Islamic Republic of),Iran (République islamique d'),IR,IRN,364,IRN,ir,IR,IR,98,IRN,IR,117,IRI,IRR,"IRAN, ISLAMIC REPUBLIC OF",2,Iranian Rial,364,Yes,Tehran,AS,.ir,"fa-IR,ku",130758,K9
Iraq,Iraq,Iraq,IQ,IRQ,368,IRQ,iq,IQ,IRQ,964,IRQ,IZ,118,IRQ,IQD,IRAQ,3,Iraqi Dinar,368,Yes,Baghdad,AS,.iq,"ar-IQ,ku,hy",99237,L0
Ireland,Ireland,Irlande,IE,IRL,372,IRL,ie,IE,IRL,353,IRL,EI,119,IRL,EUR,IRELAND,2,Euro,978,Yes,Dublin,EU,.ie,"en-IE,ga-IE",2963597,L2
Isle of Man,Isle of Man,Île de Man,IM,IMN,833,,uik,,GBM,44,GBM,IM,120,,GBP,ISLE OF MAN,2,Pound Sterling,826,Crown dependency of GB,Douglas,EU,.im,"en,gv",3042225,Y8
Israel,Israel,Israël,IL,ISR,376,ISR,is,IS,IL,972,ISR,IS,121,ISR,ILS,ISRAEL,2,New Israeli Sheqel,376,Yes,Jerusalem,AS,.il,"he,ar-IL,en-IL,",294640,L3
Italy,Italy,Italie,IT,ITA,380,I,it,IY,I,39,ITA,IT,122,ITA,EUR,ITALY,2,Euro,978,Yes,Rome,EU,.it,"it-IT,de-IT,fr-IT,sc,ca,co,sl",3175395,L6
Jamaica,Jamaica,Jamaïque,JM,JAM,388,JMC,jm,JM,JA,1-876,JAM,JM,123,JAM,JMD,JAMAICA,2,Jamaican Dollar,388,Yes,Kingston,NA,.jm,en-JM,3489940,L8
Japan,Japan,Japon,JP,JPN,392,J,ja,JP,J,81,JPN,JA,126,JPN,JPY,JAPAN,0,Yen,392,Yes,Tokyo,AS,.jp,ja,1861060,M0
Jersey,Jersey,Jersey,JE,JEY,832,,uik,,GBJ,44,GBJ,JE,128,,GBP,JERSEY,2,Pound Sterling,826,Crown dependency of GB,Saint Helier,EU,.je,"en,pt",3042142,Y9
Jordan,Jordan,Jordanie,JO,JOR,400,JOR,jo,JD,HKJ,962,JOR,JO,130,JOR,JOD,JORDAN,3,Jordanian Dinar,400,Yes,Amman,AS,.jo,"ar-JO,en",248816,M2
Kazakhstan,Kazakhstan,Kazakhstan,KZ,KAZ,398,KAZ,kz,KZ,KZ,7,KAZ,KZ,132,KAZ,KZT,KAZAKHSTAN,2,Tenge,398,Yes,Astana,AS,.kz,"kk,ru",1522867,
Kenya,Kenya,Kenya,KE,KEN,404,KEN,ke,KN,EAK,254,KEN,KE,133,KEN,KES,KENYA,2,Kenyan Shilling,404,Yes,Nairobi,AF,.ke,"en-KE,sw-KE",192950,M3
Kiribati,Kiribati,Kiribati,KI,KIR,296,KIR,gb,KB,,686,KIR,KR,135,KIR,AUD,KIRIBATI,2,Australian Dollar,036,Yes,Tarawa,OC,.ki,"en-KI,gil",4030945,J2
Kuwait,Kuwait,Koweït,KW,KWT,414,KWT,ku,KW,KWT,965,KUW,KU,137,KUW,KWD,KUWAIT,3,Kuwaiti Dinar,414,Yes,Kuwait City,AS,.kw,"ar-KW,en",285570,M6
Kyrgyzstan,Kyrgyzstan,Kirghizistan,KG,KGZ,417,KGZ,kg,KG,KS,996,KGZ,KG,138,KGZ,KGS,KYRGYZSTAN,2,Som,417,Yes,Bishkek,AS,.kg,"ky,uz,ru",1527747,1N
Laos,Lao People's Democratic Republic,République démocratique populaire lao,LA,LAO,418,LAO,ls,LA,LAO,856,LAO,LA,139,LAO,LAK,LAO PEOPLE’S DEMOCRATIC REPUBLIC,2,Kip,418,Yes,Vientiane,AS,.la,"lo,fr,en",1655842,
Latvia,Latvia,Lettonie,LV,LVA,428,LVA,lv,LV,LV,371,LVA,LG,140,LAT,EUR,LATVIA,2,Euro,978,Yes,Riga,EU,.lv,"lv,ru,lt",458258,1R
Lebanon,Lebanon,Liban,LB,LBN,422,LBN,le,LB,RL,961,LIB,LE,141,LIB,LBP,LEBANON,2,Lebanese Pound,422,Yes,Beirut,AS,.lb,"ar-LB,fr-LB,en,hy",272103,M8
Lesotho,Lesotho,Lesotho,LS,LSO,426,LSO,lo,LS,LS,266,LES,LT,142,LES,ZAR,LESOTHO,2,Rand,710,Yes,Maseru,AF,.ls,"en-LS,st,zu,xh",932692,M9
Liberia,Liberia,Libéria,LR,LBR,430,LBR,lb,LI,LB,231,LBR,LI,144,LBR,LRD,LIBERIA,2,Liberian Dollar,430,Yes,Monrovia,AF,.lr,en-LR,2275384,N0
Libya,Libya,Libye,LY,LBY,434,LBY,ly,LY,LAR,218,LBY,LY,145,LBA,LYD,LIBYA,3,Libyan Dinar,434,Yes,Tripoli,AF,.ly,"ar-LY,it,en",2215636,
Liechtenstein,Liechtenstein,Liechtenstein,LI,LIE,438,LIE,lh,,FL,423,LIE,LS,146,LIE,CHF,LIECHTENSTEIN,2,Swiss Franc,756,Yes,Vaduz,EU,.li,de-LI,3042058,N2
Lithuania,Lithuania,Lituanie,LT,LTU,440,LTU,li,LT,LT,370,LTU,LH,147,LTU,EUR,LITHUANIA,2,Euro,978,Yes,Vilnius,EU,.lt,"lt,ru,pl",597427,1Q
Luxembourg,Luxembourg,Luxembourg,LU,LUX,442,LUX,lu,BX,L,352,LUX,LU,148,LUX,EUR,LUXEMBOURG,2,Euro,978,Yes,Luxembourg,EU,.lu,"lb,de-LU,fr-LU",2960313,N4
Macau,"China, Macao Special Administrative Region","Chine, région administrative spéciale de Macao",MO,MAC,446,MAC,,MU,MO,853,MAC,MC,149,MAC,MOP,MACAO,2,Pataca,446,Part of CN,Macao,AS,.mo,"zh,zh-MO,pt",1821275,
Macedonia,The former Yugoslav Republic of Macedonia,Ex-République yougoslave de Macédoine,MK,MKD,807,MKD,xn,MJ,MK,389,MKD,MK,241,MKD,MKD,"MACEDONIA, THE FORMER YUGOSLAV REPUBLIC OF",2,Denar,807,Yes,Skopje,EU,.mk,"mk,sq,tr,rmm,sr",718075,1U
Madagascar,Madagascar,Madagascar,MG,MDG,450,MDG,mg,MG,RM,261,MAD,MA,150,MAD,MGA,MADAGASCAR,2,Malagasy Ariary,969,Yes,Antananarivo,AF,.mg,"fr-MG,mg",1062947,N6
Malawi,Malawi,Malawi,MW,MWI,454,MWI,mw,MW,MW,265,MWI,MI,152,MAW,MWK,MALAWI,2,Kwacha,454,Yes,Lilongwe,AF,.mw,"ny,yao,tum,swk",927384,N7
Malaysia,Malaysia,Malaisie,MY,MYS,458,MLA,my,MS,MAL,60,MAS,MY,153,MAS,MYR,MALAYSIA,2,Malaysian Ringgit,458,Yes,Kuala Lumpur,AS,.my,"ms-MY,en,zh,ta,te,ml,pa,th",1733045,N8
Maldives,Maldives,Maldives,MV,MDV,462,MLD,xc,MV,MV,960,MDV,MV,154,MDV,MVR,MALDIVES,2,Rufiyaa,462,Yes,Male,AS,.mv,"dv,en",1282028,N9
Mali,Mali,Mali,ML,MLI,466,MLI,ml,MI,RMM,223,MLI,ML,155,MLI,XOF,MALI,0,CFA Franc BCEAO,952,Yes,Bamako,AF,.ml,"fr-ML,bm",2453866,O0
Malta,Malta,Malte,MT,MLT,470,MLT,mm,ML,M,356,MLT,MT,156,MLT,EUR,MALTA,2,Euro,978,Yes,Valletta,EU,.mt,"mt,en-MT",2562770,O1
Marshall Islands,Marshall Islands,Îles Marshall,MH,MHL,584,MHL,xe,MH,,692,MHL,RM,157,MSH,USD,MARSHALL ISLANDS,2,US Dollar,840,Yes,Majuro,OC,.mh,"mh,en-MH",2080185,1T
Martinique,Martinique,Martinique,MQ,MTQ,474,MRT,mq,MR,F,596,MTQ,MB,158,MRT,EUR,MARTINIQUE,2,Euro,978,Part of FR,Fort-de-France,NA,.mq,fr-MQ,3570311,O2
Mauritania,Mauritania,Mauritanie,MR,MRT,478,MTN,mu,MT,RIM,222,MTN,MR,159,MTN,MRO,MAURITANIA,2,Ouguiya,478,Yes,Nouakchott,AF,.mr,"ar-MR,fuc,snk,fr,mey,wo",2378080,O3
Mauritius,Mauritius,Maurice,MU,MUS,480,MAU,mf,MA,MS,230,MRI,MP,160,MRI,MUR,MAURITIUS,2,Mauritius Rupee,480,Yes,Port Louis,AF,.mu,"en-MU,bho,fr",934292,O4
Mayotte,Mayotte,Mayotte,YT,MYT,175,MYT,ot,,,262,MYT,MF,161,MAY,EUR,MAYOTTE,2,Euro,978,Part of FR,Mamoudzou,AF,.yt,fr-YT,1024031,2P
Mexico,Mexico,Mexique,MX,MEX,484,MEX,mx,MX,MEX,52,MEX,MX,162,MEX,MXN,MEXICO,2,Mexican Peso,484,Yes,Mexico City,NA,.mx,es-MX,3996063,O5
Micronesia,Micronesia (Federated States of),Micronésie (États fédérés de),FM,FSM,583,FSM,fm,,,691,FSM,FM,163,FSM,USD,"MICRONESIA, FEDERATED STATES OF",2,US Dollar,840,Yes,Palikir,OC,.fm,"en-FM,chk,pon,yap,kos,uli,woe,nkr,kpg",2081918,1K
Moldova,Republic of Moldova,République de Moldova,MD,MDA,498,MDA,mv,RM,MD,373,MDA,MD,165,MDA,MDL,"MOLDOVA, REPUBLIC OF",2,Moldovan Leu,498,Yes,Chisinau,EU,.md,"ro,ru,gag,tr",617790,1S
Monaco,Monaco,Monaco,MC,MCO,492,MCO,mc,,MC,377,MON,MN,166,MON,EUR,MONACO,2,Euro,978,Yes,Monaco,EU,.mc,"fr-MC,en,it",2993457,O9
Mongolia,Mongolia,Mongolie,MN,MNG,496,MNG,mp,MO,MGL,976,MNG,MG,167,MGL,MNT,MONGOLIA,2,Tugrik,496,Yes,Ulan Bator,AS,.mn,"mn,ru",2029969,P0
Montenegro,Montenegro,Monténégro,ME,MNE,499,MNE,mo,,MNE,382,MNE,MJ,2647,MGO,EUR,MONTENEGRO,2,Euro,978,Yes,Podgorica,EU,.me,"sr,hu,bs,sq,hr,rom",3194884,Z5
Montserrat,Montserrat,Montserrat,MS,MSR,500,MSR,mj,,,1-664,MSR,MH,168,MNT,XCD,MONTSERRAT,2,East Caribbean Dollar,951,Territory of GB,Plymouth,NA,.ms,en-MS,3578097,P1
Morocco,Morocco,Maroc,MA,MAR,504,MRC,mr,MC,MA,212,MAR,MO,169,MAR,MAD,MOROCCO,2,Moroccan Dirham,504,Yes,Rabat,AF,.ma,"ar-MA,ber,fr",2542007,P2
Mozambique,Mozambique,Mozambique,MZ,MOZ,508,MOZ,mz,MZ,MOC,258,MOZ,MZ,170,MOZ,MZN,MOZAMBIQUE,2,Mozambique Metical,943,Yes,Maputo,AF,.mz,"pt-MZ,vmw",1036973,P3
Myanmar,Myanmar,Myanmar,MM,MMR,104,MYA,br,BM,BUR,95,MYA,BM,171,MYA,MMK,MYANMAR,2,Kyat,104,Yes,Nay Pyi Taw,AS,.mm,my,1327865,E1
Namibia,Namibia,Namibie,NA,NAM,516,NMB,sx,NM,NAM,264,NAM,WA,172,NAM,ZAR,NAMIBIA,2,Rand,710,Yes,Windhoek,AF,.na,"en-NA,af,de,hz,naq",3355338,T6
Nauru,Nauru,Nauru,NR,NRU,520,NRU,nu,NW,NAU,674,NRU,NR,173,NRU,AUD,NAURU,2,Australian Dollar,036,Yes,Yaren,OC,.nr,"na,en-NR",2110425,P5
Nepal,Nepal,Népal,NP,NPL,524,NPL,np,NP,NEP,977,NEP,NP,175,NEP,NPR,NEPAL,2,Nepalese Rupee,524,Yes,Kathmandu,AS,.np,"ne,en",1282988,P6
Netherlands,Netherlands,Pays-Bas,NL,NLD,528,HOL,ne,NL,NL,31,NED,NL,177,NED,EUR,NETHERLANDS,2,Euro,978,Yes,Amsterdam,EU,.nl,"nl-NL,fy-NL",2750405,P7
New Caledonia,New Caledonia,Nouvelle-Calédonie,NC,NCL,540,NCL,nl,NC,F,687,NCL,NC,178,NCD,XPF,NEW CALEDONIA,0,CFP Franc,953,Territory of FR,Noumea,OC,.nc,fr-NC,2139685,1W
New Zealand,New Zealand,Nouvelle-Zélande,NZ,NZL,554,NZL,nz,NZ,NZ,64,NZL,NZ,179,NZL,NZD,NEW ZEALAND,2,New Zealand Dollar,554,Yes,Wellington,OC,.nz,"en-NZ,mi",2186224,Q2
Nicaragua,Nicaragua,Nicaragua,NI,NIC,558,NCG,nq,NK,NIC,505,NCA,NU,180,NCA,NIO,NICARAGUA,2,Cordoba Oro,558,Yes,Managua,NA,.ni,"es-NI,en",3617476,Q3
Niger,Niger,Niger,NE,NER,562,NGR,ng,NR,RN,227,NIG,NG,181,NIG,XOF,NIGER,0,CFA Franc BCEAO,952,Yes,Niamey,AF,.ne,"fr-NE,ha,kr,dje",2440476,Q4
Nigeria,Nigeria,Nigéria,NG,NGA,566,NIG,nr,NI,WAN,234,NGA,NI,182,NGR,NGN,NIGERIA,2,Naira,566,Yes,Abuja,AF,.ng,"en-NG,ha,yo,ig,ff",2328926,Q5
Niue,Niue,Nioué,NU,NIU,570,NIU,xh,,NZ,683,NIU,NE,183,NIU,NZD,NIUE,2,New Zealand Dollar,554,Associated with NZ,Alofi,OC,.nu,"niu,en-NU",4036232,Q6
Norfolk Island,Norfolk Island,Île Norfolk,NF,NFK,574,NFK,nx,NF,AUS,672,NFK,NF,184,NFI,AUD,NORFOLK ISLAND,2,Australian Dollar,036,Territory of AU,Kingston,OC,.nf,en-NF,2155115,Q7
North Korea,Democratic People's Republic of Korea,République populaire démocratique de Corée,KP,PRK,408,KRE,kn,KR,,850,PRK,KN,67,PRK,KPW,"KOREA, DEMOCRATIC PEOPLE’S REPUBLIC OF",2,North Korean Won,408,Yes,Pyongyang,AS,.kp,ko-KP,1873107,
Northern Mariana Islands,Northern Mariana Islands,Îles Mariannes septentrionales,MP,MNP,580,MRA,nw,MY,USA,1-670,NMI,CQ,185,NMA,USD,NORTHERN MARIANA ISLANDS,2,US Dollar,840,Commonwealth of US,Saipan,OC,.mp,"fil,tl,zh,ch-MP,en-MP",4041468,1V
Norway,Norway,Norvège,NO,NOR,578,NOR,no,NO,N,47,NOR,NO,186,NOR,NOK,NORWAY,2,Norwegian Krone,578,Yes,Oslo,EU,.no,"no,nb,nn,se,fi",3144096,Q8
Oman,Oman,Oman,OM,OMN,512,OMA,mk,OM,,968,OMA,MU,187,OMA,OMR,OMAN,3,Rial Omani,512,Yes,Muscat,AS,.om,"ar-OM,en,bal,ur",286963,P4
Pakistan,Pakistan,Pakistan,PK,PAK,586,PAK,pk,PK,PK,92,PAK,PK,188,PAK,PKR,PAKISTAN,2,Pakistan Rupee,586,Yes,Islamabad,AS,.pk,"ur-PK,en-PK,pa,sd,ps,brh",1168579,R0
Palau,Palau,Palaos,PW,PLW,585,PLW,pw,,,680,PLW,PS,189,PLW,USD,PALAU,2,US Dollar,840,Yes,Melekeok,OC,.pw,"pau,sov,en-PW,tox,ja,fil,zh",1559582,1Y
Palestine,State of Palestine,État de Palestine,PS,PSE,275,,"gz,wj",,,970,PLE,"GZ,WE","91,267",PLE,,"PALESTINE, STATE OF",,No universal currency,,In contention,East Jerusalem,AS,.ps,ar-PS,6254930,
Panama,Panama,Panama,PA,PAN,591,PNR,pn,PM,PA,507,PAN,PM,191,PAN,USD,PANAMA,2,US Dollar,840,Yes,Panama City,NA,.pa,"es-PA,en",3703430,R1
Papua New Guinea,Papua New Guinea,Papouasie-Nouvelle-Guinée,PG,PNG,598,PNG,pp,NG,PNG,675,PNG,PP,192,PNG,PGK,PAPUA NEW GUINEA,2,Kina,598,Yes,Port Moresby,OC,.pg,"en-PG,ho,meu,tpi",2088628,R2
Paraguay,Paraguay,Paraguay,PY,PRY,600,PRG,py,PY,PY,595,PAR,PA,194,PAR,PYG,PARAGUAY,0,Guarani,600,Yes,Asuncion,SA,.py,"es-PY,gn",3437598,R4
Peru,Peru,Pérou,PE,PER,604,PRU,pe,PR,PE,51,PER,PE,195,PER,PEN,PERU,2,Nuevo Sol,604,Yes,Lima,SA,.pe,"es-PE,qu,ay",3932488,R5
Philippines,Philippines,Philippines,PH,PHL,608,PHL,ph,PH,RP,63,PHI,RP,196,PHI,PHP,PHILIPPINES,2,Philippine Peso,608,Yes,Manila,AS,.ph,"tl,en-PH,fil",1694008,R6
Pitcairn Islands,Pitcairn,Pitcairn,PN,PCN,612,PTC,pc,PT,,870,PCN,PC,197,,NZD,PITCAIRN,2,New Zealand Dollar,554,Territory of GB,Adamstown,OC,.pn,en-PN,4030699,R8
Poland,Poland,Pologne,PL,POL,616,POL,pl,PL,PL,48,POL,PL,198,POL,PLN,POLAND,2,Zloty,985,Yes,Warsaw,EU,.pl,pl,798544,R9
Portugal,Portugal,Portugal,PT,PRT,620,POR,po,PO,P,351,POR,PO,199,POR,EUR,PORTUGAL,2,Euro,978,Yes,Lisbon,EU,.pt,"pt-PT,mwl",2264397,S1
Puerto Rico,Puerto Rico,Porto Rico,PR,PRI,630,PTR,pr,PU,USA,1,PUR,RQ,200,PUR,USD,PUERTO RICO,2,US Dollar,840,Commonwealth of US,San Juan,NA,.pr,"en-PR,es-PR",4566966,PR
Qatar,Qatar,Qatar,QA,QAT,634,QAT,qa,QT,Q,974,QAT,QA,201,QAT,QAR,QATAR,2,Qatari Rial,634,Yes,Doha,AS,.qa,"ar-QA,es",289688,S3
Romania,Romania,Roumanie,RO,ROU,642,ROU,rm,RO,RO,40,ROU,RO,203,ROU,RON,ROMANIA,2,New Romanian Leu,946,Yes,Bucharest,EU,.ro,"ro,hu,rom",798549,S5
Russia,Russian Federation,Fédération de Russie,RU,RUS,643,RUS,ru,RS,RUS,7,RUS,RS,204,RUS,RUB,RUSSIAN FEDERATION,2,Russian Ruble,643,Yes,Moscow,EU,.ru,"ru,tt,xal,cau,ady,kv,ce,tyv,cv,udm,tut,mns,bua,myv,mdf,chm,ba,inh,tut,kbd,krc,ava,sah,nog",2017370,1Z
Rwanda,Rwanda,Rwanda,RW,RWA,646,RRW,rw,RW,RWA,250,RWA,RW,205,RWA,RWF,RWANDA,0,Rwanda Franc,646,Yes,Kigali,AF,.rw,"rw,en-RW,fr-RW,sw",49518,S6
Réunion,Réunion,Réunion,RE,REU,638,REU,re,RE,F,262,REU,RE,206,REU,EUR,RÉUNION,2,Euro,978,Part of FR,Saint-Denis,AF,.re,fr-RE,935317,
Samoa,Samoa,Samoa,WS,WSM,882,SMO,ws,ZM,WS,685,SAM,WS,212,SAM,WST,SAMOA,2,Tala,882,Yes,Apia,OC,.ws,"sm,en-WS",4034894,Y0
San Marino,San Marino,Saint-Marin,SM,SMR,674,SMR,sm,,RSM,378,SMR,SM,213,SMR,EUR,SAN MARINO,2,Euro,978,Yes,San Marino,EU,.sm,it-SM,3168068,S8
Saudi Arabia,Saudi Arabia,Arabie saoudite,SA,SAU,682,ARS,su,SD,SA,966,KSA,SA,215,KSA,SAR,SAUDI ARABIA,2,Saudi Riyal,682,Yes,Riyadh,AS,.sa,ar-SA,102358,T0
Senegal,Senegal,Sénégal,SN,SEN,686,SEN,sg,SG,SN,221,SEN,SG,217,SEN,XOF,SENEGAL,0,CFA Franc BCEAO,952,Yes,Dakar,AF,.sn,"fr-SN,wo,fuc,mnk",2245662,T1
Serbia,Serbia,Serbie,RS,SRB,688,SRB,rb,YG,SRB,381 p,SRB,"RI,KV",2648,SRB,RSD,SERBIA,2,Serbian Dinar,941,Yes,Belgrade,EU,.rs,"sr,hu,bs,rom",6290252,Z2
Seychelles,Seychelles,Seychelles,SC,SYC,690,SEY,se,SC,SY,248,SEY,SE,220,SEY,SCR,SEYCHELLES,2,Seychelles Rupee,690,Yes,Victoria,AF,.sc,"en-SC,fr-SC",241170,T2
Sierra Leone,Sierra Leone,Sierra Leone,SL,SLE,694,SRL,sl,SL,WAL,232,SLE,SL,221,SLE,SLL,SIERRA LEONE,2,Leone,694,Yes,Freetown,AF,.sl,"en-SL,men,tem",2403846,T8
Singapore,Singapore,Singapour,SG,SGP,702,SNG,si,SR,SGP,65,SIN,SN,222,SIN,SGD,SINGAPORE,2,Singapore Dollar,702,Yes,Singapore,AS,.sg,"cmn,en-SG,ms-SG,ta-SG,zh-SG",1880251,U0
Sint Maarten,Sint Maarten (Dutch part),Saint-Martin (partie néerlandaise),SX,SXM,534,,sn,,,1-721,,NN,,,ANG,SINT MAARTEN (DUTCH PART),2,Netherlands Antillean Guilder,532,Part of NL,Philipsburg,NA,.sx,"nl,en",7609695,
Slovakia,Slovakia,Slovaquie,SK,SVK,703,SVK,xo,SQ,SK,421,SVK,LO,223,SVK,EUR,SLOVAKIA,2,Euro,978,Yes,Bratislava,EU,.sk,"sk,hu",3057568,2B
Slovenia,Slovenia,Slovénie,SI,SVN,705,SVN,xv,LJ,SLO,386,SVN,SI,224,SLO,EUR,SLOVENIA,2,Euro,978,Yes,Ljubljana,EU,.si,"sl,sh",3190538,2A
Solomon Islands,Solomon Islands,Îles Salomon,SB,SLB,090,SLM,bp,SO,SB,677,SOL,BP,225,SOL,SBD,SOLOMON ISLANDS,2,Solomon Islands Dollar,090,Yes,Honiara,OC,.sb,"en-SB,tpi",2103350,D7
Somalia,Somalia,Somalie,SO,SOM,706,SOM,so,SI,SO,252,SOM,SO,226,SOM,SOS,SOMALIA,2,Somali Shilling,706,Yes,Mogadishu,AF,.so,"so-SO,ar-SO,it,en-SO",51537,U1
South Africa,South Africa,Afrique du Sud,ZA,ZAF,710,AFS,sa,ZA,ZA,27,RSA,SF,227,RSA,ZAR,SOUTH AFRICA,2,Rand,710,Yes,Pretoria,AF,.za,"zu,xh,af,nso,en-ZA,tn,st,ts,ss,ve,nr",953987,T3
South Georgia & South Sandwich Islands,,,GS,SGS,239,,xs,,,500,,SX,228,,,,,,,Territory of GB,Grytviken,AN,.gs,en,3474415,
South Korea,Republic of Korea,République de Corée,KR,KOR,410,KOR,ko,KO,ROK,82,KOR,KS,202,KOR,KRW,"KOREA, REPUBLIC OF",0,Won,410,Yes,Seoul,AS,.kr,"ko-KR,en",1835841,M5
South Sudan,South Sudan,Soudan du Sud,SS,SSD,728,SSD,sd,,,211,,OD,,,SSP,SOUTH SUDAN,2,South Sudanese Pound,728,Yes,Juba,AF,,en,7909807,
Spain,Spain,Espagne,ES,ESP,724,E,sp,SP,E,34,ESP,SP,229,ESP,EUR,SPAIN,2,Euro,978,Yes,Madrid,EU,.es,"es-ES,ca,gl,eu,oc",2510769,U3
Sri Lanka,Sri Lanka,Sri Lanka,LK,LKA,144,CLN,ce,SB,CL,94,SRI,CE,231,SRI,LKR,SRI LANKA,2,Sri Lanka Rupee,144,Yes,Colombo,AS,.lk,"si,ta,en",1227603,F1
St. Barthélemy,Saint Barthélemy,Saint-Barthélemy,BL,BLM,652,,sc,,,590,,TB,,,EUR,SAINT BARTHÉLEMY,2,Euro,978,Part of FR,Gustavia,NA,.gp,fr,3578476,
St. Helena,Saint Helena,Sainte-Hélène,SH,SHN,654,SHN,xj,HE,SH,290 n,SHN,SH,207,HEL,SHP,"SAINT HELENA, ASCENSION AND TRISTAN DA CUNHA",2,Saint Helena Pound,654,Territory of GB,Jamestown,AF,.sh,en-SH,3370751,
St. Kitts & Nevis,Saint Kitts and Nevis,Saint-Kitts-et-Nevis,KN,KNA,659,KNA,xd,AT,KN,1-869,SKN,SC,208,SKN,XCD,SAINT KITTS AND NEVIS,2,East Caribbean Dollar,951,Yes,Basseterre,NA,.kn,en-KN,3575174,U7
St. Lucia,Saint Lucia,Sainte-Lucie,LC,LCA,662,LCA,xk,LC,WL,1-758,LCA,ST,209,LCA,XCD,SAINT LUCIA,2,East Caribbean Dollar,951,Yes,Castries,NA,.lc,en-LC,3576468,U9
St. Martin,Saint Martin (French part),Saint-Martin (partie française),MF,MAF,663,,st,,,590,,RN,,,EUR,SAINT MARTIN (FRENCH PART),2,Euro,978,Part of FR,Marigot,NA,.gp,fr,3578421,
St. Pierre & Miquelon,Saint Pierre and Miquelon,Saint-Pierre-et-Miquelon,PM,SPM,666,SPM,xl,FP,F,508,SPM,SB,210,SPM,EUR,SAINT PIERRE AND MIQUELON,2,Euro,978,Part of FR,Saint-Pierre,NA,.pm,fr-PM,3424932,V0
St. Vincent & Grenadines,Saint Vincent and the Grenadines,Saint-Vincent-et-les Grenadines,VC,VCT,670,VCT,xm,VG,WV,1-784,VIN,VC,211,VIN,XCD,SAINT VINCENT AND THE GRENADINES,2,East Caribbean Dollar,951,Yes,Kingstown,NA,.vc,"en-VC,fr",3577815,V1
Sudan,Sudan,Soudan,SD,SDN,729,SDN,sj,SU,SUD,249,SUD,SU,40764,SUD,SDG,SUDAN,2,Sudanese Pound,938,Yes,Khartoum,AF,.sd,"ar-SD,en,fia",366755,V2
Suriname,Suriname,Suriname,SR,SUR,740,SUR,sr,SM,SME,597,SUR,NS,233,SUR,SRD,SURINAME,2,Surinam Dollar,968,Yes,Paramaribo,SA,.sr,"nl-SR,en,srn,hns,jv",3382998,V3
Svalbard & Jan Mayen,Svalbard and Jan Mayen Islands,Îles Svalbard-et-Jan Mayen,SJ,SJM,744,NOR,,SZ,,47,,"SV,JN",234,,NOK,SVALBARD AND JAN MAYEN,2,Norwegian Krone,578,Territory of NO,Longyearbyen,EU,.sj,"no,ru",607072,L9
Swaziland,Swaziland,Swaziland,SZ,SWZ,748,SWZ,sq,SV,SD,268,SWZ,WZ,235,SWZ,SZL,SWAZILAND,2,Lilangeni,748,Yes,Mbabane,AF,.sz,"en-SZ,ss-SZ",934841,V6
Sweden,Sweden,Suède,SE,SWE,752,S,sw,SN,S,46,SWE,SW,236,SWE,SEK,SWEDEN,2,Swedish Krona,752,Yes,Stockholm,EU,.se,"sv-SE,se,sma,fi-SE",2661886,V7
Switzerland,Switzerland,Suisse,CH,CHE,756,SUI,sz,SW,CH,41,SUI,SZ,237,SUI,CHF,SWITZERLAND,2,Swiss Franc,756,Yes,Bern,EU,.ch,"de-CH,fr-CH,it-CH,rm",2658434,V8
Syria,Syrian Arab Republic,République arabe syrienne,SY,SYR,760,SYR,sy,SY,SYR,963,SYR,SY,238,SYR,SYP,SYRIAN ARAB REPUBLIC,2,Syrian Pound,760,Yes,Damascus,AS,.sy,"ar-SY,ku,hy,arc,fr,en",163843,V9
São Tomé & Príncipe,Sao Tome and Principe,Sao Tomé-et-Principe,ST,STP,678,STP,sf,TP,ST,239,STP,TP,214,STP,STD,SAO TOME AND PRINCIPE,2,Dobra,678,Yes,Sao Tome,AF,.st,pt-ST,2410758,S9
Taiwan,,,TW,TWN,158,,ch,,RC,886,TPE,TW,925,TPE,,,,,,Yes,Taipei,AS,.tw,"zh-TW,zh,nan,hak",1668284,
Tajikistan,Tajikistan,Tadjikistan,TJ,TJK,762,TJK,ta,TA,TJ,992,TJK,TI,239,TJK,TJS,TAJIKISTAN,2,Somoni,972,Yes,Dushanbe,AS,.tj,"tg,ru",1220409,2D
Tanzania,United Republic of Tanzania,République-Unie de Tanzanie,TZ,TZA,834,TZA,tz,TN,EAT,255,TAN,TZ,257,TAN,TZS,"TANZANIA, UNITED REPUBLIC OF",2,Tanzanian Shilling,834,Yes,Dodoma,AF,.tz,"sw-TZ,en,ar",149590,W0
Thailand,Thailand,Thaïlande,TH,THA,764,THA,th,TH,T,66,THA,TH,240,THA,THB,THAILAND,2,Baht,764,Yes,Bangkok,AS,.th,"th,en",1605651,W1
Timor-Leste,Timor-Leste,Timor-Leste,TL,TLS,626,TLS,em,TM,RI,670,TLS,TT,242,TLS,USD,TIMOR-LESTE,2,US Dollar,840,Yes,Dili,OC,.tl,"tet,pt-TL,id,en",1966436,Z3
Togo,Togo,Togo,TG,TGO,768,TGO,tg,TG,TG,228,TOG,TO,243,TOG,XOF,TOGO,0,CFA Franc BCEAO,952,Yes,Lome,AF,.tg,"fr-TG,ee,hna,kbp,dag,ha",2363686,W2
Tokelau,Tokelau,Tokelau,TK,TKL,772,TKL,tl,TK,NZ,690,TKL,TL,244,,NZD,TOKELAU,2,New Zealand Dollar,554,Territory of NZ,,OC,.tk,"tkl,en-TK",4031074,W3
Tonga,Tonga,Tonga,TO,TON,776,TON,to,TO,TO,676,TGA,TN,245,TGA,TOP,TONGA,2,Pa’anga,776,Yes,Nuku'alofa,OC,.to,"to,en-TO",4032283,W4
Trinidad & Tobago,Trinidad and Tobago,Trinité-et-Tobago,TT,TTO,780,TRD,tr,TD,TT,1-868,TRI,TD,246,TTO,TTD,TRINIDAD AND TOBAGO,2,Trinidad and Tobago Dollar,780,Yes,Port of Spain,NA,.tt,"en-TT,hns,fr,es,zh",3573591,W5
Tunisia,Tunisia,Tunisie,TN,TUN,788,TUN,ti,TS,TN,216,TUN,TS,248,TUN,TND,TUNISIA,3,Tunisian Dinar,788,Yes,Tunis,AF,.tn,"ar-TN,fr",2464461,W6
Turkey,Turkey,Turquie,TR,TUR,792,TUR,tu,TU,TR,90,TUR,TU,249,TUR,TRY,TURKEY,2,Turkish Lira,949,Yes,Ankara,AS,.tr,"tr-TR,ku,diq,az,av",298795,W8
Turkmenistan,Turkmenistan,Turkménistan,TM,TKM,795,TKM,tk,TR,TM,993,TKM,TX,250,TKM,TMT,TURKMENISTAN,2,Turkmenistan New Manat,934,Yes,Ashgabat,AS,.tm,"tk,ru,uz",1218197,2E
Turks & Caicos Islands,Turks and Caicos Islands,Îles Turques-et-Caïques,TC,TCA,796,TCA,tc,TI,,1-649,TCA,TK,251,TKS,USD,TURKS AND CAICOS ISLANDS,2,US Dollar,840,Territory of GB,Cockburn Town,NA,.tc,en-TC,3576916,W7
Tuvalu,Tuvalu,Tuvalu,TV,TUV,798,TUV,tv,TV,TV,688,TUV,TV,252,TUV,AUD,TUVALU,2,Australian Dollar,036,Yes,Funafuti,OC,.tv,"tvl,en,sm,gil",2110297,2G
U.S. Outlying Islands,,,UM,UMI,581,,"ji,xf,wk,uc,up",,USA,,,"FQ,HQ,DQ,JQ,KQ,MQ,BQ,LQ,WQ",,,,,,,,Territories of US,,OC,.um,en-UM,5854968,
U.S. Virgin Islands,United States Virgin Islands,Îles Vierges américaines,VI,VIR,850,VIR,vi,VI,USA,1-340,VIR,VQ,258,ISV,USD,VIRGIN ISLANDS (U.S.),2,US Dollar,840,Territory of US,Charlotte Amalie,NA,.vi,en-VI,4796775,
UK,United Kingdom of Great Britain and Northern Ireland,Royaume-Uni de Grande-Bretagne et d'Irlande du Nord,GB,GBR,826,G,xxk,UK,GB,44,"ENG,NIR,SCO,WAL",UK,256,GBR,GBP,UNITED KINGDOM,2,Pound Sterling,826,Yes,London,EU,.uk,"en-GB,cy-GB,gd",2635167,X0
US,United States of America,États-Unis d'Amérique,US,USA,840,USA,xxu,US,USA,1,USA,US,259,USA,USD,UNITED STATES,2,US Dollar,840,Yes,Washington,NA,.us,"en-US,es-US,haw,fr",6252001,
Uganda,Uganda,Ouganda,UG,UGA,800,UGA,ug,UG,EAU,256,UGA,UG,253,UGA,UGX,UGANDA,0,Uganda Shilling,800,Yes,Kampala,AF,.ug,"en-UG,lg,sw,ar",226074,W9
Ukraine,Ukraine,Ukraine,UA,UKR,804,UKR,un,UR,UA,380,UKR,UP,254,UKR,UAH,UKRAINE,2,Hryvnia,980,Yes,Kiev,EU,.ua,"uk,ru-UA,rom,pl,hu",690791,2H
United Arab Emirates,United Arab Emirates,Émirats arabes unis,AE,ARE,784,UAE,ts,ER,,971,UAE,AE,255,UAE,AED,UNITED ARAB EMIRATES,2,UAE Dirham,784,Yes,Abu Dhabi,AS,.ae,"ar-AE,fa,en,hi,ur",290557,C0
Uruguay,Uruguay,Uruguay,UY,URY,858,URG,uy,UY,ROU,598,URU,UY,260,URU,UYU,URUGUAY,2,Peso Uruguayo,858,Yes,Montevideo,SA,.uy,es-UY,3439705,X3
Uzbekistan,Uzbekistan,Ouzbékistan,UZ,UZB,860,UZB,uz,UZ,UZ,998,UZB,UZ,261,UZB,UZS,UZBEKISTAN,2,Uzbekistan Sum,860,Yes,Tashkent,AS,.uz,"uz,ru,tg",1512440,2K
Vanuatu,Vanuatu,Vanuatu,VU,VUT,548,VUT,nn,NV,VU,678,VAN,NH,262,VAN,VUV,VANUATU,0,Vatu,548,Yes,Port Vila,OC,.vu,"bi,en-VU,fr-VU",2134431,2L
Vatican City,Holy See,Saint-Siège,VA,VAT,336,CVA,vc,,V,39-06,VAT,VT,110,,EUR,HOLY SEE (VATICAN CITY STATE),2,Euro,978,Yes,Vatican City,EU,.va,"la,it,fr",3164670,X4
Venezuela,Venezuela (Bolivarian Republic of),Venezuela (République bolivarienne du),VE,VEN,862,VEN,ve,VN,YV,58,VEN,VE,263,VEN,VEF,"VENEZUELA, BOLIVARIAN REPUBLIC OF",2,Bolivar,937,Yes,Caracas,SA,.ve,es-VE,3625428,
Vietnam,Viet Nam,Viet Nam,VN,VNM,704,VTN,vm,VS,VN,84,VIE,VM,264,VIE,VND,VIET NAM,0,Dong,704,Yes,Hanoi,AS,.vn,"vi,en,fr,zh,km",1562822,Q1
Wallis & Futuna,Wallis and Futuna Islands,Îles Wallis-et-Futuna,WF,WLF,876,WAL,wf,FW,F,681,WLF,WF,266,WAF,XPF,WALLIS AND FUTUNA,0,CFP Franc,953,Territory of FR,Mata Utu,OC,.wf,"wls,fud,fr-WF",4034749,X8
Western Sahara,Western Sahara,Sahara occidental,EH,ESH,732,AOE,ss,,,212,SAH,WI,268,,MAD,WESTERN SAHARA,2,Moroccan Dirham,504,In contention,El-Aaiun,AF,.eh,"ar,mey",2461445,U5
Yemen,Yemen,Yémen,YE,YEM,887,YEM,ye,YE,YAR,967,YEM,YM,269,YEM,YER,YEMEN,2,Yemeni Rial,886,Yes,Sanaa,AS,.ye,ar-YE,69543,T7
Zambia,Zambia,Zambie,ZM,ZMB,894,ZMB,za,ZB,Z,260,ZAM,ZA,270,ZAM,ZMW,ZAMBIA,2,Zambian Kwacha,967,Yes,Lusaka,AF,.zm,"en-ZM,bem,loz,lun,lue,ny,toi",895949,Y4
Zimbabwe,Zimbabwe,Zimbabwe,ZW,ZWE,716,ZWE,rh,ZW,ZW,263,ZIM,ZI,271,ZIM,ZWL,ZIMBABWE,2,Zimbabwe Dollar,932,Yes,Harare,AF,.zw,"en-ZW,sn,nr,nd",878675,Y5
Åland Islands,Åland Islands,Îles d'Åland,AX,ALA,248,,,,FIN,358,ALD,,1242,,EUR,ÅLAND ISLANDS,2,Euro,978,Part of FI,Mariehamn,EU,.ax,sv-AX,661882,
